Time (s),Timestamp,ECG (uV),Packet Counter(DIGITAL),TRIGGER(DIGITAL)
3416.732,2025-12-16 10:33:04.523,-11225.700546,124,57344
3416.734,2025-12-16 10:33:04.525,-14095.878811,125,57344
3416.736,2025-12-16 10:33:04.527,-15065.193401,126,57344
3416.738,2025-12-16 10:33:04.529,-13962.745875,127,57344
3416.74,2025-12-16 10:33:04.531,-10129.1658,0,57344
3416.742,2025-12-16 10:33:04.533,-12042.045773,1,57344
3416.744,2025-12-16 10:33:04.535,-14010.048121,2,57344
3416.746,2025-12-16 10:33:04.537,-12980.079844,3,57344
3416.748,2025-12-16 10:33:04.539,-9374.61867,4,57344
3416.75,2025-12-16 10:33:04.541,-12832.069588,5,57344
3416.752,2025-12-16 10:33:04.543,-14789.200049,6,57344
3416.754,2025-12-16 10:33:04.545,-14146.995755,7,57344
3416.756,2025-12-16 10:33:04.547,-11744.690116,8,57344
3416.758,2025-12-16 10:33:04.549,-13990.593165,9,57344
3416.76,2025-12-16 10:33:04.551,-14717.674475,10,57344
3416.762,2025-12-16 10:33:04.553,-13304.519852,11,57344
3416.764,2025-12-16 10:33:04.555,-8728.027474,12,57344
3416.766,2025-12-16 10:33:04.557,-11429.405383,13,57344
3416.768,2025-12-16 10:33:04.559,-14058.113308,14,57344
3416.77,2025-12-16 10:33:04.561,-13598.44228,15,57344
3416.772,2025-12-16 10:33:04.563,-11278.534104,16,57344
3416.774,2025-12-16 10:33:04.565,-14135.551663,17,57344
3416.776,2025-12-16 10:33:04.567,-15059.28062,18,57344
3416.778,2025-12-16 10:33:04.569,-13936.805933,19,57344
3416.78,2025-12-16 10:33:04.571,-9982.681423,20,57344
3416.782,2025-12-16 10:33:04.573,-11918.449579,21,57344
3416.784,2025-12-16 10:33:04.575,-13985.443324,22,57344
3416.786,2025-12-16 10:33:04.577,-12983.703807,23,57344
3416.788,2025-12-16 10:33:04.579,-9419.632098,24,57344
3416.79,2025-12-16 10:33:04.581,-12866.020394,25,57344
3416.792,2025-12-16 10:33:04.583,-14811.706764,26,57344
3416.794,2025-12-16 10:33:04.585,-14161.68234,27,57344
3416.796,2025-12-16 10:33:04.587,-11749.649223,28,57344
3416.798,2025-12-16 10:33:04.589,-13978.195399,29,57344
3416.8,2025-12-16 10:33:04.591,-14707.946997,30,57344
3416.802,2025-12-16 10:33:04.593,-13306.4272,31,57344
3416.804,2025-12-16 10:33:04.595,-8771.896493,32,57344
3416.806,2025-12-16 10:33:04.597,-11502.647571,33,57344
3416.808,2025-12-16 10:33:04.599,-14121.437283,34,57344
3416.81,2025-12-16 10:33:04.601,-13676.643575,35,57344
3416.812,2025-12-16 10:33:04.603,-11468.696765,36,57344
3416.814,2025-12-16 10:33:04.605,-14277.076934,37,57344
3416.816,2025-12-16 10:33:04.607,-15110.779034,38,57344
3416.818,2025-12-16 10:33:04.609,-13997.268885,39,57344
3416.82,2025-12-16 10:33:04.611,-10143.089446,40,57344
3416.822,2025-12-16 10:33:04.613,-12070.465268,41,57344
3416.824,2025-12-16 10:33:04.615,-14054.68008,42,57344
3416.826,2025-12-16 10:33:04.617,-13081.932263,43,57344
3416.828,2025-12-16 10:33:04.619,-9704.208519,44,57344
3416.83,2025-12-16 10:33:04.621,-13124.084668,45,57344
3416.832,2025-12-16 10:33:04.623,-14898.681863,46,0
3416.834,2025-12-16 10:33:04.625,-14245.796416,47,0
3416.836,2025-12-16 10:33:04.627,-11944.580256,48,0
3416.838,2025-12-16 10:33:04.629,-14107.132168,49,0
3416.84,2025-12-16 10:33:04.631,-14743.805151,50,0
3416.842,2025-12-16 10:33:04.633,-13341.331681,51,0
3416.844,2025-12-16 10:33:04.635,-8887.100352,52,0
3416.846,2025-12-16 10:33:04.637,-11637.497122,53,0
3416.848,2025-12-16 10:33:04.639,-14174.270841,54,0
3416.85,2025-12-16 10:33:04.641,-13724.518027,55,0
3416.852,2025-12-16 10:33:04.643,-11525.72649,56,0
3416.854,2025-12-16 10:33:04.645,-14284.706329,57,0
3416.856,2025-12-16 10:33:04.647,-15096.664654,58,0
3416.858,2025-12-16 10:33:04.649,-13952.064722,59,0
3416.86,2025-12-16 10:33:04.651,-9996.605068,60,0
3416.862,2025-12-16 10:33:04.653,-11921.692072,61,0
3416.864,2025-12-16 10:33:04.655,-13974.762171,62,0
3416.866,2025-12-16 10:33:04.657,-13013.267711,63,0
3416.868,2025-12-16 10:33:04.659,-9552.5743,64,0
3416.87,2025-12-16 10:33:04.661,-12989.235118,65,0
3416.872,2025-12-16 10:33:04.663,-14835.357887,66,0
3416.874,2025-12-16 10:33:04.665,-14145.660611,67,0
3416.876,2025-12-16 10:33:04.667,-11608.886892,68,0
3416.878,2025-12-16 10:33:04.669,-13797.760215,69,0
3416.88,2025-12-16 10:33:04.671,-14647.102574,70,0
3416.882,2025-12-16 10:33:04.673,-13240.242202,71,0
3416.884,2025-12-16 10:33:04.675,-8683.776985,72,0
3416.886,2025-12-16 10:33:04.677,-11485.290698,73,0
3416.888,2025-12-16 10:33:04.679,-14114.189358,74,0
3416.89,2025-12-16 10:33:04.681,-13653.946126,75,0
3416.892,2025-12-16 10:33:04.683,-11294.937302,76,0
3416.894,2025-12-16 10:33:04.685,-14106.750698,77,0
3416.896,2025-12-16 10:33:04.687,-15031.242595,78,0
3416.898,2025-12-16 10:33:04.689,-13872.528283,79,0
3416.9,2025-12-16 10:33:04.691,-9778.022912,80,0
3416.902,2025-12-16 10:33:04.693,-11731.147941,81,0
3416.904,2025-12-16 10:33:04.695,-13925.934045,82,0
3416.906,2025-12-16 10:33:04.697,-12999.153331,83,0
3416.908,2025-12-16 10:33:04.699,-9560.585164,84,0
3416.91,2025-12-16 10:33:04.701,-12994.766429,85,0
3416.912,2025-12-16 10:33:04.703,-14844.703896,86,0
3416.914,2025-12-16 10:33:04.705,-14157.676908,87,0
3416.916,2025-12-16 10:33:04.707,-11571.121388,88,0
3416.918,2025-12-16 10:33:04.709,-13731.956687,89,0
3416.92,2025-12-16 10:33:04.711,-14619.827488,90,0
3416.922,2025-12-16 10:33:04.713,-13214.874464,91,0
3416.924,2025-12-16 10:33:04.715,-8659.362922,92,0
3416.926,2025-12-16 10:33:04.717,-11507.415943,93,0
3416.928,2025-12-16 10:33:04.719,-14142.227384,94,0
3416.93,2025-12-16 10:33:04.721,-13691.33016,95,0
3416.932,2025-12-16 10:33:04.723,-11411.857775,96,0
3416.934,2025-12-16 10:33:04.725,-14202.881071,97,0
3416.936,2025-12-16 10:33:04.727,-15044.975505,98,0
3416.938,2025-12-16 10:33:04.729,-13863.373009,99,0
3416.94,2025-12-16 10:33:04.731,-9724.426414,100,0
3416.942,2025-12-16 10:33:04.733,-11692.238028,101,0
3416.944,2025-12-16 10:33:04.735,-13910.484521,102,0
3416.946,2025-12-16 10:33:04.737,-13018.608287,103,0
3416.948,2025-12-16 10:33:04.739,-9628.296042,104,0
3416.95,2025-12-16 10:33:04.741,-13065.910534,105,0
3416.952,2025-12-16 10:33:04.743,-14871.216042,106,0
3416.954,2025-12-16 10:33:04.745,-14166.259977,107,0
3416.956,2025-12-16 10:33:04.747,-11565.590077,108,0
3416.958,2025-12-16 10:33:04.749,-13721.275534,109,0
3416.96,2025-12-16 10:33:04.751,-14615.631321,110,0
3416.962,2025-12-16 10:33:04.753,-13223.076064,111,0
3416.964,2025-12-16 10:33:04.755,-8715.057503,112,0
3416.966,2025-12-16 10:33:04.757,-11587.333852,113,0
3416.968,2025-12-16 10:33:04.759,-14188.385221,114,0
3416.97,2025-12-16 10:33:04.761,-13745.117392,115,0
3416.972,2025-12-16 10:33:04.763,-11500.168018,116,0
3416.974,2025-12-16 10:33:04.765,-14243.316863,117,0
3416.976,2025-12-16 10:33:04.767,-15056.801067,118,0
3416.978,2025-12-16 10:33:04.769,-13873.672692,119,0
3416.98,2025-12-16 10:33:04.771,-9771.919396,120,0
3416.982,2025-12-16 10:33:04.773,-11765.480217,121,0
3416.984,2025-12-16 10:33:04.775,-13949.012964,122,0
3416.986,2025-12-16 10:33:04.777,-13069.534497,123,0
3416.988,2025-12-16 10:33:04.779,-9811.210779,124,0
3416.99,2025-12-16 10:33:04.781,-13224.983412,125,0
3416.992,2025-12-16 10:33:04.783,-14928.627237,126,0
3416.994,2025-12-16 10:33:04.785,-14221.382353,127,0
3416.996,2025-12-16 10:33:04.787,-11694.336112,0,0
3416.998,2025-12-16 10:33:04.789,-13823.700157,1,0
3417.0,2025-12-16 10:33:04.791,-14641.189793,2,0
3417.002,2025-12-16 10:33:04.793,-13261.223037,3,0
3417.004,2025-12-16 10:33:04.795,-8862.495554,4,0
3417.006,2025-12-16 10:33:04.797,-11757.278618,5,0
3417.008,2025-12-16 10:33:04.799,-14270.401214,6,0
3417.01,2025-12-16 10:33:04.801,-13831.520287,7,0
3417.012,2025-12-16 10:33:04.803,-11732.67382,8,0
3417.014,2025-12-16 10:33:04.805,-14418.03,9,0
3417.016,2025-12-16 10:33:04.807,-15102.768169,10,0
3417.018,2025-12-16 10:33:04.809,-13911.438196,11,0
3417.02,2025-12-16 10:33:04.811,-9865.379481,12,0
3417.022,2025-12-16 10:33:04.813,-11898.803888,13,0
3417.024,2025-12-16 10:33:04.815,-14007.187098,14,0
3417.026,2025-12-16 10:33:04.817,-13146.972852,15,0
3417.028,2025-12-16 10:33:04.819,-10011.863858,16,0
3417.03,2025-12-16 10:33:04.821,-13390.350541,17,0
3417.032,2025-12-16 10:33:04.823,-14985.656962,18,0
3417.034,2025-12-16 10:33:04.825,-14265.442107,19,0
3417.036,2025-12-16 10:33:04.827,-11796.760735,20,0
3417.038,2025-12-16 10:33:04.829,-13893.509118,21,0
3417.04,2025-12-16 10:33:04.831,-14645.195226,22,0
3417.042,2025-12-16 10:33:04.833,-13251.877029,23,0
3417.044,2025-12-16 10:33:04.835,-8876.228465,24,0
3417.046,2025-12-16 10:33:04.837,-11800.766167,25,0
3417.048,2025-12-16 10:33:04.839,-14294.433807,26,0
3417.05,2025-12-16 10:33:04.841,-13838.005272,27,0
3417.052,2025-12-16 10:33:04.843,-11723.327811,28,0
3417.054,2025-12-16 10:33:04.845,-14383.697724,29,0
3417.056,2025-12-16 10:33:04.847,-15069.389568,30,0
3417.058,2025-12-16 10:33:04.849,-13847.351281,31,0
3417.06,2025-12-16 10:33:04.851,-9685.897971,32,0
3417.062,2025-12-16 10:33:04.853,-11719.322379,33,0
3417.064,2025-12-16 10:33:04.855,-13925.552576,34,0
3417.066,2025-12-16 10:33:04.857,-13077.545361,35,0
3417.068,2025-12-16 10:33:04.859,-9861.755518,36,0
3417.07,2025-12-16 10:33:04.861,-13264.846999,37,0
3417.072,2025-12-16 10:33:04.863,-14926.338418,38,0
3417.074,2025-12-16 10:33:04.865,-14184.189054,39,0
3417.076,2025-12-16 10:33:04.867,-11494.827442,40,0
3417.078,2025-12-16 10:33:04.869,-13601.684773,41,0
3417.08,2025-12-16 10:33:04.871,-14551.925876,42,0
3417.082,2025-12-16 10:33:04.873,-13160.133558,43,0
3417.084,2025-12-16 10:33:04.875,-8691.02491,44,0
3417.086,2025-12-16 10:33:04.877,-11651.802237,45,0
3417.088,2025-12-16 10:33:04.879,-14245.033476,46,0
3417.09,2025-12-16 10:33:04.881,-13785.743919,47,0
3417.092,2025-12-16 10:33:04.883,-11528.396778,48,0
3417.094,2025-12-16 10:33:04.885,-14225.95999,49,0
3417.096,2025-12-16 10:33:04.887,-15014.267192,50,0
3417.098,2025-12-16 10:33:04.889,-13770.10366,51,0
3417.1,2025-12-16 10:33:04.891,-9458.160541,52,0
3417.102,2025-12-16 10:33:04.893,-11487.770252,53,0
3417.104,2025-12-16 10:33:04.895,-13853.454796,54,0
3417.106,2025-12-16 10:33:04.897,-13053.703503,55,0
3417.108,2025-12-16 10:33:04.899,-9839.248804,56,0
3417.11,2025-12-16 10:33:04.901,-13249.778945,57,0
3417.112,2025-12-16 10:33:04.903,-14917.183145,58,0
3417.114,2025-12-16 10:33:04.905,-14162.254545,59,0
3417.116,2025-12-16 10:33:04.907,-11378.860643,60,0
3417.118,2025-12-16 10:33:04.909,-13487.434588,61,0
3417.12,2025-12-16 10:33:04.911,-14515.114047,62,0
3417.122,2025-12-16 10:33:04.913,-13126.945691,63,0
3417.124,2025-12-16 10:33:04.915,-8648.109565,64,0
3417.126,2025-12-16 10:33:04.917,-11648.750479,65,0
3417.128,2025-12-16 10:33:04.919,-14258.194182,66,0
3417.13,2025-12-16 10:33:04.921,-13802.147117,67,0
3417.132,2025-12-16 10:33:04.923,-11554.527455,68,0
3417.134,2025-12-16 10:33:04.925,-14242.744658,69,0
3417.136,2025-12-16 10:33:04.927,-15010.261759,70,0
3417.138,2025-12-16 10:33:04.929,-13750.839438,71,0
3417.14,2025-12-16 10:33:04.931,-9399.032733,72,0
3417.142,2025-12-16 10:33:04.933,-11463.546924,73,0
3417.144,2025-12-16 10:33:04.935,-13859.367577,74,0
3417.146,2025-12-16 10:33:04.937,-13077.926831,75,0
3417.148,2025-12-16 10:33:04.939,-9915.733485,76,0
3417.15,2025-12-16 10:33:04.941,-13314.438065,77,0
3417.152,2025-12-16 10:33:04.943,-14936.828836,78,0
3417.154,2025-12-16 10:33:04.945,-14169.693204,79,0
3417.156,2025-12-16 10:33:04.947,-11354.065111,80,0
3417.158,2025-12-16 10:33:04.949,-13449.09688,81,0
3417.16,2025-12-16 10:33:04.951,-14495.468356,82,0
3417.162,2025-12-16 10:33:04.953,-13118.553357,83,0
3417.164,2025-12-16 10:33:04.955,-8680.725227,84,0
3417.166,2025-12-16 10:33:04.957,-11715.126212,85,0
3417.168,2025-12-16 10:33:04.959,-14297.676299,86,0
3417.17,2025-12-16 10:33:04.961,-13829.803673,87,0
3417.172,2025-12-16 10:33:04.963,-11586.952382,88,0
3417.174,2025-12-16 10:33:04.965,-14251.709197,89,0
3417.176,2025-12-16 10:33:04.967,-15002.632365,90,0
3417.178,2025-12-16 10:33:04.969,-13741.302695,91,0
3417.18,2025-12-16 10:33:04.971,-9410.858295,92,0
3417.182,2025-12-16 10:33:04.973,-11511.421375,93,0
3417.184,2025-12-16 10:33:04.975,-13884.544579,94,0
3417.186,2025-12-16 10:33:04.977,-13127.327161,95,0
3417.188,2025-12-16 10:33:04.979,-10048.103482,96,0
3417.19,2025-12-16 10:33:04.981,-13424.492082,97,0
3417.192,2025-12-16 10:33:04.983,-14980.697855,98,0
3417.194,2025-12-16 10:33:04.985,-14193.916532,99,0
3417.196,2025-12-16 10:33:04.987,-11373.329332,100,0
3417.198,2025-12-16 10:33:04.989,-13455.009661,101,0
3417.2,2025-12-16 10:33:04.991,-14499.473788,102,0
3417.202,2025-12-16 10:33:04.993,-13137.245374,103,0
3417.204,2025-12-16 10:33:04.995,-8758.354318,104,0
3417.206,2025-12-16 10:33:04.997,-11822.319207,105,0
3417.208,2025-12-16 10:33:04.999,-14351.845001,106,0
3417.21,2025-12-16 10:33:05.001,-13881.492822,107,0
3417.212,2025-12-16 10:33:05.003,-11704.44506,108,0
3417.214,2025-12-16 10:33:05.005,-14323.997711,109,0
3417.216,2025-12-16 10:33:05.007,-15014.457926,110,0
3417.218,2025-12-16 10:33:05.009,-13734.05477,111,0
3417.22,2025-12-16 10:33:05.011,-9381.67586,112,0
3417.222,2025-12-16 10:33:05.013,-11482.238941,113,0
3417.224,2025-12-16 10:33:05.015,-13878.441064,114,0
3417.226,2025-12-16 10:33:05.017,-13137.817579,115,0
3417.228,2025-12-16 10:33:05.019,-10088.920744,116,0
3417.23,2025-12-16 10:33:05.021,-13445.472918,117,0
3417.232,2025-12-16 10:33:05.023,-14970.207437,118,0
3417.234,2025-12-16 10:33:05.025,-14167.785856,119,0
3417.236,2025-12-16 10:33:05.027,-11257.171799,120,0
3417.238,2025-12-16 10:33:05.029,-13345.146378,121,0
3417.24,2025-12-16 10:33:05.031,-14452.362276,122,0
3417.242,2025-12-16 10:33:05.033,-13103.485303,123,0
3417.244,2025-12-16 10:33:05.035,-8755.874764,124,0
3417.246,2025-12-16 10:33:05.037,-11856.270013,125,0
3417.248,2025-12-16 10:33:05.039,-14358.902192,126,0
3417.25,2025-12-16 10:33:05.041,-13881.683556,127,0
3417.252,2025-12-16 10:33:05.043,-11685.180838,0,0
3417.254,2025-12-16 10:33:05.045,-14296.150421,1,0
3417.256,2025-12-16 10:33:05.047,-14988.136515,2,0
3417.258,2025-12-16 10:33:05.049,-13693.046774,3,0
3417.26,2025-12-16 10:33:05.051,-9277.534623,4,0
3417.262,2025-12-16 10:33:05.053,-11389.732531,5,0
3417.264,2025-12-16 10:33:05.055,-13845.443932,6,0
3417.266,2025-12-16 10:33:05.057,-13131.523328,7,0
3417.268,2025-12-16 10:33:05.059,-10088.539274,8,0
3417.27,2025-12-16 10:33:05.061,-13440.513811,9,0
3417.272,2025-12-16 10:33:05.063,-14967.727884,10,0
3417.274,2025-12-16 10:33:05.065,-14147.758695,11,0
3417.276,2025-12-16 10:33:05.067,-11156.463789,12,0
3417.278,2025-12-16 10:33:05.069,-13222.122389,13,0
3417.28,2025-12-16 10:33:05.071,-14408.111787,14,0
3417.282,2025-12-16 10:33:05.073,-13056.373791,15,0
3417.284,2025-12-16 10:33:05.075,-8693.504463,16,0
3417.286,2025-12-16 10:33:05.077,-11845.779595,17,0
3417.288,2025-12-16 10:33:05.079,-14360.42807,18,0
3417.29,2025-12-16 10:33:05.081,-13865.471093,19,0
3417.292,2025-12-16 10:33:05.083,-11580.276662,20,0
3417.294,2025-12-16 10:33:05.085,-14187.050077,21,0
3417.296,2025-12-16 10:33:05.087,-14939.689859,22,0
3417.298,2025-12-16 10:33:05.089,-13631.630147,23,0
3417.3,2025-12-16 10:33:05.091,-9145.164626,24,0
3417.302,2025-12-16 10:33:05.093,-11269.569565,25,0
3417.304,2025-12-16 10:33:05.095,-13801.002708,26,0
3417.306,2025-12-16 10:33:05.097,-13114.35719,27,0
3417.308,2025-12-16 10:33:05.099,-10049.057157,28,0
3417.31,2025-12-16 10:33:05.101,-13404.846391,29,0
3417.312,2025-12-16 10:33:05.103,-14942.932352,30,0
3417.314,2025-12-16 10:33:05.105,-14092.636318,31,0
3417.316,2025-12-16 10:33:05.107,-10939.026042,32,0
3417.318,2025-12-16 10:33:05.109,-12998.581126,33,0
3417.32,2025-12-16 10:33:05.111,-14330.673431,34,0
3417.322,2025-12-16 10:33:05.113,-13012.886241,35,0
3417.324,2025-12-16 10:33:05.115,-8651.733527,36,0
3417.326,2025-12-16 10:33:05.117,-11856.651483,37,0
3417.328,2025-12-16 10:33:05.119,-14369.774079,38,0
3417.33,2025-12-16 10:33:05.121,-13872.909753,39,0
3417.332,2025-12-16 10:33:05.123,-11588.096791,40,0
3417.334,2025-12-16 10:33:05.125,-14171.219083,41,0
3417.336,2025-12-16 10:33:05.127,-14932.632669,42,0
3417.338,2025-12-16 10:33:05.129,-13618.469441,43,0
3417.34,2025-12-16 10:33:05.131,-9140.777724,44,0
3417.342,2025-12-16 10:33:05.133,-11307.144334,45,0
3417.344,2025-12-16 10:33:05.135,-13828.659264,46,0
3417.346,2025-12-16 10:33:05.137,-13155.555921,47,0
3417.348,2025-12-16 10:33:05.139,-10154.533538,48,0
3417.35,2025-12-16 10:33:05.141,-13476.371966,49,0
3417.352,2025-12-16 10:33:05.143,-14965.629801,50,0
3417.354,2025-12-16 10:33:05.145,-14113.617154,51,0
3417.356,2025-12-16 10:33:05.147,-10960.769817,52,0
3417.358,2025-12-16 10:33:05.149,-13002.968028,53,0
3417.36,2025-12-16 10:33:05.151,-14330.291962,54,0
3417.362,2025-12-16 10:33:05.153,-13030.433849,55,0
3417.364,2025-12-16 10:33:05.155,-8750.724923,56,0
3417.366,2025-12-16 10:33:05.157,-11975.860774,57,0
3417.368,2025-12-16 10:33:05.159,-14424.896455,58,0
3417.37,2025-12-16 10:33:05.161,-13923.645227,59,0
3417.372,2025-12-16 10:33:05.163,-11695.480521,60,0
3417.374,2025-12-16 10:33:05.165,-14236.450407,61,0
3417.376,2025-12-16 10:33:05.167,-14930.916055,62,0
3417.378,2025-12-16 10:33:05.169,-13592.338765,63,0
3417.38,2025-12-16 10:33:05.171,-9103.77516,64,0
3417.382,2025-12-16 10:33:05.173,-11310.005357,65,0
3417.384,2025-12-16 10:33:05.175,-13844.108788,66,0
3417.386,2025-12-16 10:33:05.177,-13182.258802,67,0
3417.388,2025-12-16 10:33:05.179,-10193.44345,68,0
3417.39,2025-12-16 10:33:05.181,-13500.023089,69,0
3417.392,2025-12-16 10:33:05.183,-14982.795939,70,0
3417.394,2025-12-16 10:33:05.185,-14106.559964,71,0
3417.396,2025-12-16 10:33:05.187,-10846.710367,72,0
3417.398,2025-12-16 10:33:05.189,-12825.012398,73,0
3417.4,2025-12-16 10:33:05.191,-14279.175017,74,0
3417.402,2025-12-16 10:33:05.193,-13019.561962,75,0
3417.404,2025-12-16 10:33:05.195,-8750.152718,76,0
3417.406,2025-12-16 10:33:05.197,-12001.419246,77,0
3417.408,2025-12-16 10:33:05.199,-14441.490389,78,0
3417.41,2025-12-16 10:33:05.201,-13940.811365,79,0
3417.412,2025-12-16 10:33:05.203,-11737.823661,80,0
3417.414,2025-12-16 10:33:05.205,-14251.518462,81,0
3417.416,2025-12-16 10:33:05.207,-14920.425637,82,0
3417.418,2025-12-16 10:33:05.209,-13565.635883,83,0
3417.42,2025-12-16 10:33:05.211,-9072.876112,84,0
3417.422,2025-12-16 10:33:05.213,-11314.964463,85,0
3417.424,2025-12-16 10:33:05.215,-13853.454796,86,0
3417.426,2025-12-16 10:33:05.217,-13210.487563,87,0
3417.428,2025-12-16 10:33:05.219,-10318.756257,88,0
3417.43,2025-12-16 10:33:05.221,-13599.395955,89,0
3417.432,2025-12-16 10:33:05.223,-15002.250895,90,0
3417.434,2025-12-16 10:33:05.225,-14122.009488,91,0
3417.436,2025-12-16 10:33:05.227,-10925.102397,92,0
3417.438,2025-12-16 10:33:05.229,-12960.434153,93,0
3417.44,2025-12-16 10:33:05.231,-14320.183014,94,0
3417.442,2025-12-16 10:33:05.233,-13041.496471,95,0
3417.444,2025-12-16 10:33:05.235,-8851.051462,96,0
3417.446,2025-12-16 10:33:05.237,-12127.876462,97,0
3417.448,2025-12-16 10:33:05.239,-14508.819796,98,0
3417.45,2025-12-16 10:33:05.241,-13991.928309,99,0
3417.452,2025-12-16 10:33:05.243,-11787.605461,100,0
3417.454,2025-12-16 10:33:05.245,-14270.210479,101,0
3417.456,2025-12-16 10:33:05.247,-14934.540017,102,0
3417.458,2025-12-16 10:33:05.249,-13602.829182,103,0
3417.46,2025-12-16 10:33:05.251,-9116.935866,104,0
3417.462,2025-12-16 10:33:05.253,-11331.939866,105,0
3417.464,2025-12-16 10:33:05.255,-13879.966943,106,0
3417.466,2025-12-16 10:33:05.257,-13257.217605,107,0
3417.468,2025-12-16 10:33:05.259,-10451.698459,108,0
3417.47,2025-12-16 10:33:05.261,-13709.831442,109,0
3417.472,2025-12-16 10:33:05.263,-15032.005534,110,0
3417.474,2025-12-16 10:33:05.265,-14124.107571,111,0
3417.476,2025-12-16 10:33:05.267,-10850.143594,112,0
3417.478,2025-12-16 10:33:05.269,-12813.377571,113,0
3417.48,2025-12-16 10:33:05.271,-14264.488433,114,0
3417.482,2025-12-16 10:33:05.273,-13023.567394,115,0
3417.484,2025-12-16 10:33:05.275,-8855.24763,116,0
3417.486,2025-12-16 10:33:05.277,-12149.620237,117,0
3417.488,2025-12-16 10:33:05.279,-14488.6019,118,0
3417.49,2025-12-16 10:33:05.281,-13960.838526,119,0
3417.492,2025-12-16 10:33:05.283,-11724.090751,120,0
3417.494,2025-12-16 10:33:05.285,-14192.581388,121,0
3417.496,2025-12-16 10:33:05.287,-14875.984414,122,0
3417.498,2025-12-16 10:33:05.289,-13506.69881,123,0
3417.5,2025-12-16 10:33:05.291,-8970.832958,124,0
3417.502,2025-12-16 10:33:05.293,-11260.986496,125,0
3417.504,2025-12-16 10:33:05.295,-13844.680992,126,0
3417.506,2025-12-16 10:33:05.297,-13231.277663,127,0
3417.508,2025-12-16 10:33:05.299,-10396.576083,0,0
3417.51,2025-12-16 10:33:05.301,-13628.006185,1,0
3417.512,2025-12-16 10:33:05.303,-14980.12565,2,0
3417.514,2025-12-16 10:33:05.305,-14048.576564,3,0
3417.516,2025-12-16 10:33:05.307,-10650.825659,4,0
3417.518,2025-12-16 10:33:05.309,-12666.893194,5,0
3417.52,2025-12-16 10:33:05.311,-14193.535063,6,0
3417.522,2025-12-16 10:33:05.313,-12950.89741,7,0
3417.524,2025-12-16 10:33:05.315,-8776.47413,8,0
3417.526,2025-12-16 10:33:05.317,-12125.396909,9,0
3417.528,2025-12-16 10:33:05.319,-14506.912448,10,0
3417.53,2025-12-16 10:33:05.321,-13958.549708,11,0
3417.532,2025-12-16 10:33:05.323,-11631.393606,12,0
3417.534,2025-12-16 10:33:05.325,-14105.797024,13,0
3417.536,2025-12-16 10:33:05.327,-14853.668434,14,0
3417.538,2025-12-16 10:33:05.329,-13494.873248,15,0
3417.54,2025-12-16 10:33:05.331,-8898.353709,16,0
3417.542,2025-12-16 10:33:05.333,-11198.04399,17,0
3417.544,2025-12-16 10:33:05.335,-13850.212304,18,0
3417.546,2025-12-16 10:33:05.337,-13258.362014,19,0
3417.548,2025-12-16 10:33:05.339,-10465.0499,20,0
3417.55,2025-12-16 10:33:05.341,-13677.978719,21,0
3417.552,2025-12-16 10:33:05.343,-15002.632365,22,0
3417.554,2025-12-16 10:33:05.345,-14053.917141,23,0
3417.556,2025-12-16 10:33:05.347,-10576.439061,24,0
3417.558,2025-12-16 10:33:05.349,-12543.678471,25,0
3417.56,2025-12-16 10:33:05.351,-14179.992887,26,0
3417.562,2025-12-16 10:33:05.353,-12986.18336,27,0
3417.564,2025-12-16 10:33:05.355,-8880.615367,28,0
3417.566,2025-12-16 10:33:05.357,-12239.456359,29,0
3417.568,2025-12-16 10:33:05.359,-14547.157504,30,0
3417.57,2025-12-16 10:33:05.361,-14013.481349,31,0
3417.572,2025-12-16 10:33:05.363,-11772.346672,32,0
3417.574,2025-12-16 10:33:05.365,-14195.823881,33,0
3417.576,2025-12-16 10:33:05.367,-14871.406777,34,0
3417.578,2025-12-16 10:33:05.369,-13498.49721,35,0
3417.58,2025-12-16 10:33:05.371,-8973.503247,36,0
3417.582,2025-12-16 10:33:05.373,-11318.206956,37,0
3417.584,2025-12-16 10:33:05.375,-13920.784204,38,0
3417.586,2025-12-16 10:33:05.377,-13350.677689,39,0
3417.588,2025-12-16 10:33:05.379,-10699.272315,40,0
3417.59,2025-12-16 10:33:05.381,-13845.062462,41,0
3417.592,2025-12-16 10:33:05.383,-15045.929179,42,0
3417.594,2025-12-16 10:33:05.385,-14082.718105,43,0
3417.596,2025-12-16 10:33:05.387,-10692.596595,44,0
3417.598,2025-12-16 10:33:05.389,-12678.337286,45,0
3417.6,2025-12-16 10:33:05.391,-14210.128996,46,0
3417.602,2025-12-16 10:33:05.393,-13003.921703,47,0
3417.604,2025-12-16 10:33:05.395,-8993.530407,48,0
3417.606,2025-12-16 10:33:05.397,-12373.352235,49,0
3417.608,2025-12-16 10:33:05.399,-14608.955601,50,0
3417.61,2025-12-16 10:33:05.401,-14052.963466,51,0
3417.612,2025-12-16 10:33:05.403,-11843.109307,52,0
3417.614,2025-12-16 10:33:05.405,-14233.207915,53,0
3417.616,2025-12-16 10:33:05.407,-14870.453102,54,0
3417.618,2025-12-16 10:33:05.409,-13494.301043,55,0
3417.62,2025-12-16 10:33:05.411,-8981.514111,56,0
3417.622,2025-12-16 10:33:05.413,-11354.637315,57,0
3417.624,2025-12-16 10:33:05.415,-13945.198267,58,0
3417.626,2025-12-16 10:33:05.417,-13384.81923,59,0
3417.628,2025-12-16 10:33:05.419,-10805.70237,60,0
3417.63,2025-12-16 10:33:05.421,-13933.372705,61,0
3417.632,2025-12-16 10:33:05.423,-15084.839092,62,0
3417.634,2025-12-16 10:33:05.425,-14129.638882,63,0
3417.636,2025-12-16 10:33:05.427,-10756.68351,64,0
3417.638,2025-12-16 10:33:05.429,-12718.582343,65,0
3417.64,2025-12-16 10:33:05.431,-14260.86447,66,0
3417.642,2025-12-16 10:33:05.433,-13080.787854,67,0
3417.644,2025-12-16 10:33:05.435,-9179.878372,68,0
3417.646,2025-12-16 10:33:05.437,-12537.193485,69,0
3417.648,2025-12-16 10:33:05.439,-14681.43485,70,0
3417.65,2025-12-16 10:33:05.441,-14143.371793,71,0
3417.652,2025-12-16 10:33:05.443,-12094.879331,72,0
3417.654,2025-12-16 10:33:05.445,-14418.41147,73,0
3417.656,2025-12-16 10:33:05.447,-14924.812539,74,0
3417.658,2025-12-16 10:33:05.449,-13563.347065,75,0
3417.66,2025-12-16 10:33:05.451,-9139.06111,76,0
3417.662,2025-12-16 10:33:05.453,-11497.688465,77,0
3417.664,2025-12-16 10:33:05.455,-14002.990931,78,0
3417.666,2025-12-16 10:33:05.457,-13448.143206,79,0
3417.668,2025-12-16 10:33:05.459,-10976.410076,80,0
3417.67,2025-12-16 10:33:05.461,-14022.636623,81,0
3417.672,2025-12-16 10:33:05.463,-15087.50938,82,0
3417.674,2025-12-16 10:33:05.465,-14108.467312,83,0
3417.676,2025-12-16 10:33:05.467,-10731.506508,84,0
3417.678,2025-12-16 10:33:05.469,-12700.271796,85,0
3417.68,2025-12-16 10:33:05.471,-14210.128996,86,0
3417.682,2025-12-16 10:33:05.473,-13014.602855,87,0
3417.684,2025-12-16 10:33:05.475,-9089.27931,88,0
3417.686,2025-12-16 10:33:05.477,-12477.493472,89,0
3417.688,2025-12-16 10:33:05.479,-14639.663914,90,0
3417.69,2025-12-16 10:33:05.481,-14057.541103,91,0
3417.692,2025-12-16 10:33:05.483,-11770.820793,92,0
3417.694,2025-12-16 10:33:05.485,-14142.418118,93,0
3417.696,2025-12-16 10:33:05.487,-14806.747657,94,0
3417.698,2025-12-16 10:33:05.489,-13422.584734,95,0
3417.7,2025-12-16 10:33:05.491,-8900.261058,96,0
3417.702,2025-12-16 10:33:05.493,-11333.465745,97,0
3417.704,2025-12-16 10:33:05.495,-13930.702417,98,0
3417.706,2025-12-16 10:33:05.497,-13377.38057,99,0
3417.708,2025-12-16 10:33:05.499,-10770.034951,100,0
3417.71,2025-12-16 10:33:05.501,-13861.84713,101,0
3417.712,2025-12-16 10:33:05.503,-15032.005534,102,0
3417.714,2025-12-16 10:33:05.505,-14007.950038,103,0
3417.716,2025-12-16 10:33:05.507,-10351.944124,104,0
3417.718,2025-12-16 10:33:05.509,-12285.041992,105,0
3417.72,2025-12-16 10:33:05.511,-14104.08041,106,0
3417.722,2025-12-16 10:33:05.513,-12972.45045,107,0
3417.724,2025-12-16 10:33:05.515,-9035.873548,108,0
3417.726,2025-12-16 10:33:05.517,-12458.61072,109,0
3417.728,2025-12-16 10:33:05.519,-14647.865514,110,0
3417.73,2025-12-16 10:33:05.521,-14076.042385,111,0
3417.732,2025-12-16 10:33:05.523,-11813.354668,112,0
3417.734,2025-12-16 10:33:05.525,-14168.930265,113,0
3417.736,2025-12-16 10:33:05.527,-14835.548622,114,0
3417.738,2025-12-16 10:33:05.529,-13461.113177,115,0
3417.74,2025-12-16 10:33:05.531,-8924.675121,116,0
3417.742,2025-12-16 10:33:05.533,-11386.871508,117,0
3417.744,2025-12-16 10:33:05.535,-13993.072718,118,0
3417.746,2025-12-16 10:33:05.537,-13480.949603,119,0
3417.748,2025-12-16 10:33:05.539,-11040.87846,120,0
3417.75,2025-12-16 10:33:05.541,-14036.178798,121,0
3417.752,2025-12-16 10:33:05.543,-15085.983501,122,0
3417.754,2025-12-16 10:33:05.545,-14085.388393,123,0
3417.756,2025-12-16 10:33:05.547,-10621.07102,124,0
3417.758,2025-12-16 10:33:05.549,-12568.664738,125,0
3417.76,2025-12-16 10:33:05.551,-14186.287138,126,0
3417.762,2025-12-16 10:33:05.553,-13033.867077,127,0
3417.764,2025-12-16 10:33:05.555,-9208.679336,0,0
3417.766,2025-12-16 10:33:05.557,-12609.481999,1,0
3417.768,2025-12-16 10:33:05.559,-14697.265844,2,0
3417.77,2025-12-16 10:33:05.561,-14116.668912,3,0
3417.772,2025-12-16 10:33:05.563,-11898.040949,4,0
3417.774,2025-12-16 10:33:05.565,-14203.262541,5,0
3417.776,2025-12-16 10:33:05.567,-14814.186317,6,0
3417.778,2025-12-16 10:33:05.569,-13425.636492,7,0
3417.78,2025-12-16 10:33:05.571,-8937.072887,8,0
3417.782,2025-12-16 10:33:05.573,-11428.451708,9,0
3417.784,2025-12-16 10:33:05.575,-14004.135341,10,0
3417.786,2025-12-16 10:33:05.577,-13477.32564,11,0
3417.788,2025-12-16 10:33:05.579,-10989.570781,12,0
3417.79,2025-12-16 10:33:05.581,-13989.067286,13,0
3417.792,2025-12-16 10:33:05.583,-15066.528545,14,0
3417.794,2025-12-16 10:33:05.585,-14018.821925,15,0
3417.796,2025-12-16 10:33:05.587,-10313.415681,16,0
3417.798,2025-12-16 10:33:05.589,-12224.388305,17,0
3417.8,2025-12-16 10:33:05.591,-14085.960598,18,0
3417.802,2025-12-16 10:33:05.593,-12985.038951,19,0
3417.804,2025-12-16 10:33:05.595,-9162.330764,20,0
3417.806,2025-12-16 10:33:05.597,-12591.934392,21,0
3417.808,2025-12-16 10:33:05.599,-14699.554662,22,0
3417.81,2025-12-16 10:33:05.601,-14102.173062,23,0
3417.812,2025-12-16 10:33:05.603,-11798.095879,24,0
3417.814,2025-12-16 10:33:05.605,-14121.628018,25,0
3417.816,2025-12-16 10:33:05.607,-14803.505164,26,0
3417.818,2025-12-16 10:33:05.609,-13407.325944,27,0
3417.82,2025-12-16 10:33:05.611,-8841.323984,28,0
3417.822,2025-12-16 10:33:05.613,-11384.773424,29,0
3417.824,2025-12-16 10:33:05.615,-14013.481349,30,0
3417.826,2025-12-16 10:33:05.617,-13520.622455,31,0
3417.828,2025-12-16 10:33:05.619,-11113.166975,32,0
3417.83,2025-12-16 10:33:05.621,-14052.391262,33,0
3417.832,2025-12-16 10:33:05.623,-15085.411297,34,0
3417.834,2025-12-16 10:33:05.625,-14056.968898,35,0
3417.836,2025-12-16 10:33:05.627,-10485.84,36,0
3417.838,2025-12-16 10:33:05.629,-12417.411989,37,0
3417.84,2025-12-16 10:33:05.631,-14133.262845,38,0
3417.842,2025-12-16 10:33:05.633,-13028.90797,39,0
3417.844,2025-12-16 10:33:05.635,-9318.351884,40,0
3417.846,2025-12-16 10:33:05.637,-12728.119086,41,0
3417.848,2025-12-16 10:33:05.639,-14740.753393,42,0
3417.85,2025-12-16 10:33:05.641,-14146.042081,43,0
3417.852,2025-12-16 10:33:05.643,-11910.438715,44,0
3417.854,2025-12-16 10:33:05.645,-14184.189054,45,0
3417.856,2025-12-16 10:33:05.647,-14792.251807,46,0
3417.858,2025-12-16 10:33:05.649,-13404.464921,47,0
3417.86,2025-12-16 10:33:05.651,-8916.473522,48,0
3417.862,2025-12-16 10:33:05.653,-11470.413379,49,0
3417.864,2025-12-16 10:33:05.655,-14052.581997,50,0
3417.866,2025-12-16 10:33:05.657,-13539.886676,51,0
3417.868,2025-12-16 10:33:05.659,-11160.850691,52,0
3417.87,2025-12-16 10:33:05.661,-14105.606289,53,0
3417.872,2025-12-16 10:33:05.663,-15090.751873,54,0
3417.874,2025-12-16 10:33:05.665,-14029.693813,55,0
3417.876,2025-12-16 10:33:05.667,-10315.704499,56,0
3417.878,2025-12-16 10:33:05.669,-12235.641662,57,0
3417.88,2025-12-16 10:33:05.671,-14100.456448,58,0
3417.882,2025-12-16 10:33:05.673,-13021.278575,59,0
3417.884,2025-12-16 10:33:05.675,-9342.003008,60,0
3417.886,2025-12-16 10:33:05.677,-12755.394172,61,0
3417.888,2025-12-16 10:33:05.679,-14758.301001,62,0
3417.89,2025-12-16 10:33:05.681,-14136.696072,63,0
3417.892,2025-12-16 10:33:05.683,-11822.509942,64,0
3417.894,2025-12-16 10:33:05.685,-14105.415554,65,0
3417.896,2025-12-16 10:33:05.687,-14774.513465,66,0
3417.898,2025-12-16 10:33:05.689,-13364.792069,67,0
3417.9,2025-12-16 10:33:05.691,-8791.351449,68,0
3417.902,2025-12-16 10:33:05.693,-11401.176623,69,0
3417.904,2025-12-16 10:33:05.695,-14020.157069,70,0
3417.906,2025-12-16 10:33:05.697,-13523.102008,71,0
3417.908,2025-12-16 10:33:05.699,-11078.643964,72,0
3417.91,2025-12-16 10:33:05.701,-13985.443324,73,0
3417.912,2025-12-16 10:33:05.703,-15037.155375,74,0
3417.914,2025-12-16 10:33:05.705,-13961.982935,75,0
3417.916,2025-12-16 10:33:05.707,-10179.901275,76,0
3417.918,2025-12-16 10:33:05.709,-12092.590512,77,0
3417.92,2025-12-16 10:33:05.711,-14020.920009,78,0
3417.922,2025-12-16 10:33:05.713,-12967.109873,79,0
3417.924,2025-12-16 10:33:05.715,-9224.319595,80,0
3417.926,2025-12-16 10:33:05.717,-12650.489996,81,0
3417.928,2025-12-16 10:33:05.719,-14723.587256,82,0
3417.93,2025-12-16 10:33:05.721,-14099.121304,83,0
3417.932,2025-12-16 10:33:05.723,-11666.679556,84,0
3417.934,2025-12-16 10:33:05.725,-13945.770471,85,0
3417.936,2025-12-16 10:33:05.727,-14703.560095,86,0
3417.938,2025-12-16 10:33:05.729,-13312.912186,87,0
3417.94,2025-12-16 10:33:05.731,-8752.441537,88,0
3417.942,2025-12-16 10:33:05.733,-11405.182055,89,0
3417.944,2025-12-16 10:33:05.735,-14049.339504,90,0
3417.946,2025-12-16 10:33:05.737,-13550.377094,91,0
3417.948,2025-12-16 10:33:05.739,-11137.962507,92,0
3417.95,2025-12-16 10:33:05.741,-14064.789028,93,0
3417.952,2025-12-16 10:33:05.743,-15063.858257,94,0
3417.954,2025-12-16 10:33:05.745,-13973.427027,95,0
3417.956,2025-12-16 10:33:05.747,-10116.577299,96,0
3417.958,2025-12-16 10:33:05.749,-12049.484432,97,0
3417.96,2025-12-16 10:33:05.751,-14049.530239,98,0
3417.962,2025-12-16 10:33:05.753,-13028.145031,99,0
3417.964,2025-12-16 10:33:05.755,-9440.040729,100,0
3417.966,2025-12-16 10:33:05.757,-12862.014962,101,0
3417.968,2025-12-16 10:33:05.759,-14802.360755,102,0
3417.97,2025-12-16 10:33:05.761,-14166.069242,103,0
3417.972,2025-12-16 10:33:05.763,-11820.984063,104,0
3417.974,2025-12-16 10:33:05.765,-14075.279446,105,0
3417.976,2025-12-16 10:33:05.767,-14761.162024,106,0
3417.978,2025-12-16 10:33:05.769,-13360.595902,107,0
3417.98,2025-12-16 10:33:05.771,-8864.784373,108,0
3417.982,2025-12-16 10:33:05.773,-11552.238636,109,0
3417.984,2025-12-16 10:33:05.775,-14113.044949,110,0
3417.986,2025-12-16 10:33:05.777,-13630.104268,111,0
3417.988,2025-12-16 10:33:05.779,-11318.588425,112,0
3417.99,2025-12-16 10:33:05.781,-14147.758695,113,0
3417.992,2025-12-16 10:33:05.783,-15081.787334,114,0
3417.994,2025-12-16 10:33:05.785,-13990.02096,115,0
3417.996,2025-12-16 10:33:05.787,-10210.991058,116,0
3417.998,2025-12-16 10:33:05.789,-12124.63397,117,0
3418.0,2025-12-16 10:33:05.791,-14039.612026,118,0
3418.002,2025-12-16 10:33:05.793,-13032.150463,119,0
3418.004,2025-12-16 10:33:05.795,-9480.095051,120,0
3418.006,2025-12-16 10:33:05.797,-12889.290048,121,0
3418.008,2025-12-16 10:33:05.799,-14813.614112,122,0
3418.01,2025-12-16 10:33:05.801,-14183.426115,123,0
3418.012,2025-12-16 10:33:05.803,-11837.196526,124,0
3418.014,2025-12-16 10:33:05.805,-14047.813625,125,0
3418.016,2025-12-16 10:33:05.807,-14722.633581,126,0
3418.018,2025-12-16 10:33:05.809,-13340.950211,127,0
3418.02,2025-12-16 10:33:05.811,-8888.244761,0,0
3418.022,2025-12-16 10:33:05.813,-11592.865163,1,0
3418.024,2025-12-16 10:33:05.815,-14135.933133,2,0
3418.026,2025-12-16 10:33:05.817,-13653.183187,3,0
3418.028,2025-12-16 10:33:05.819,-11378.479173,4,0
3418.03,2025-12-16 10:33:05.821,-14208.221647,5,0
3418.032,2025-12-16 10:33:05.823,-15082.931743,6,0
3418.034,2025-12-16 10:33:05.825,-13957.214563,7,0
3418.036,2025-12-16 10:33:05.827,-10071.182401,8,0
3418.038,2025-12-16 10:33:05.829,-12041.855038,9,0
3418.04,2025-12-16 10:33:05.831,-14040.18423,10,0
3418.042,2025-12-16 10:33:05.833,-13039.589123,11,0
3418.044,2025-12-16 10:33:05.835,-9557.151937,12,0
3418.046,2025-12-16 10:33:05.837,-12984.657481,13,0
3418.048,2025-12-16 10:33:05.839,-14845.2761,14,0
3418.05,2025-12-16 10:33:05.841,-14181.518766,15,0
3418.052,2025-12-16 10:33:05.843,-11805.343804,16,0
3418.054,2025-12-16 10:33:05.845,-14019.584865,17,0
3418.056,2025-12-16 10:33:05.847,-14720.154028,18,0
3418.058,2025-12-16 10:33:05.849,-13317.680557,19,0
3418.06,2025-12-16 10:33:05.851,-8816.337717,20,0
3418.062,2025-12-16 10:33:05.853,-11569.786244,21,0
3418.064,2025-12-16 10:33:05.855,-14139.74783,22,0
3418.066,2025-12-16 10:33:05.857,-13671.493734,23,0
3418.068,2025-12-16 10:33:05.859,-11384.773424,24,0
3418.07,2025-12-16 10:33:05.861,-14172.363492,25,0
3418.072,2025-12-16 10:33:05.863,-15062.523113,26,0
3418.074,2025-12-16 10:33:05.865,-13919.06759,27,0
3418.076,2025-12-16 10:33:05.867,-9925.079494,28,0
3418.078,2025-12-16 10:33:05.869,-11904.335199,29,0
3418.08,2025-12-16 10:33:05.871,-13997.268885,30,0
3418.082,2025-12-16 10:33:05.873,-13021.660045,31,0
3418.084,2025-12-16 10:33:05.875,-9519.386433,32,0
3418.086,2025-12-16 10:33:05.877,-12932.396128,33,0
3418.088,2025-12-16 10:33:05.879,-14826.965553,34,0
3418.09,2025-12-16 10:33:05.881,-14157.104703,35,0
3418.092,2025-12-16 10:33:05.883,-11649.894888,36,0
3418.094,2025-12-16 10:33:05.885,-13816.452232,37,0
3418.096,2025-12-16 10:33:05.887,-14631.27158,38,0
3418.098,2025-12-16 10:33:05.889,-13235.09236,39,0
3418.1,2025-12-16 10:33:05.891,-8667.373786,40,0
3418.102,2025-12-16 10:33:05.893,-11450.576953,41,0
3418.104,2025-12-16 10:33:05.895,-14095.688076,42,0
3418.106,2025-12-16 10:33:05.897,-13617.325032,43,0
3418.108,2025-12-16 10:33:05.899,-11212.92131,44,0
3418.11,2025-12-16 10:33:05.901,-14051.819057,45,0
3418.112,2025-12-16 10:33:05.903,-15008.163676,46,0
3418.114,2025-12-16 10:33:05.905,-13854.78994,47,0
3418.116,2025-12-16 10:33:05.907,-9762.382653,48,0
3418.118,2025-12-16 10:33:05.909,-11713.791068,49,0
3418.12,2025-12-16 10:33:05.911,-13910.103052,50,0
3418.122,2025-12-16 10:33:05.913,-12990.570262,51,0
3418.124,2025-12-16 10:33:05.915,-9495.926045,52,0
3418.126,2025-12-16 10:33:05.917,-12946.891978,53,0
3418.128,2025-12-16 10:33:05.919,-14830.398781,54,0
3418.13,2025-12-16 10:33:05.921,-14144.516202,55,0
3418.132,2025-12-16 10:33:05.923,-11606.407338,56,0
3418.134,2025-12-16 10:33:05.925,-13798.904625,57,0
3418.136,2025-12-16 10:33:05.927,-14657.783727,58,0
3418.138,2025-12-16 10:33:05.929,-13265.228469,59,0
3418.14,2025-12-16 10:33:05.931,-8765.792977,60,0
3418.142,2025-12-16 10:33:05.933,-11599.350148,61,0
3418.144,2025-12-16 10:33:05.935,-14189.720365,62,0
3418.146,2025-12-16 10:33:05.937,-13750.648703,63,0
3418.148,2025-12-16 10:33:05.939,-11548.805409,64,0
3418.15,2025-12-16 10:33:05.941,-14292.526458,65,0
3418.152,2025-12-16 10:33:05.943,-15095.138775,66,0
3418.154,2025-12-16 10:33:05.945,-13933.56344,67,0
3418.156,2025-12-16 10:33:05.947,-9955.406337,68,0
3418.158,2025-12-16 10:33:05.949,-11992.454708,69,0
3418.16,2025-12-16 10:33:05.951,-14054.870815,70,0
3418.162,2025-12-16 10:33:05.953,-13135.52876,71,0
3418.164,2025-12-16 10:33:05.955,-9860.992579,72,0
3418.166,2025-12-16 10:33:05.957,-13225.746352,73,0
3418.168,2025-12-16 10:33:05.959,-14934.730752,74,0
3418.17,2025-12-16 10:33:05.961,-14258.384917,75,0
3418.172,2025-12-16 10:33:05.963,-11890.602289,76,0
3418.174,2025-12-16 10:33:05.965,-14006.805629,77,0
3418.176,2025-12-16 10:33:05.967,-14690.208654,78,0
3418.178,2025-12-16 10:33:05.969,-13315.201004,79,0
3418.18,2025-12-16 10:33:05.971,-8955.383434,80,0
3418.182,2025-12-16 10:33:05.973,-11774.444756,81,0
3418.184,2025-12-16 10:33:05.975,-14234.543059,82,0
3418.186,2025-12-16 10:33:05.977,-13754.081931,83,0
3418.188,2025-12-16 10:33:05.979,-11562.919789,84,0
3418.19,2025-12-16 10:33:05.981,-14297.104095,85,0
3418.192,2025-12-16 10:33:05.983,-15071.869121,86,0
3418.194,2025-12-16 10:33:05.985,-13904.190271,87,0
3418.196,2025-12-16 10:33:05.987,-9882.736353,88,0
3418.198,2025-12-16 10:33:05.989,-11862.182794,89,0
3418.2,2025-12-16 10:33:05.991,-13974.189967,90,0
3418.202,2025-12-16 10:33:05.993,-13075.256542,91,0
3418.204,2025-12-16 10:33:05.995,-9766.769555,92,0
3418.206,2025-12-16 10:33:05.997,-13179.397779,93,0
3418.208,2025-12-16 10:33:05.999,-14901.924355,94,0
3418.21,2025-12-16 10:33:06.001,-14193.725797,95,0
3418.212,2025-12-16 10:33:06.003,-11666.107352,96,0
3418.214,2025-12-16 10:33:06.005,-13811.874595,97,0
3418.216,2025-12-16 10:33:06.007,-14645.38596,98,0
3418.218,2025-12-16 10:33:06.009,-13253.212173,99,0
3418.22,2025-12-16 10:33:06.011,-8790.58851,100,0
3418.222,2025-12-16 10:33:06.013,-11664.009268,101,0
3418.224,2025-12-16 10:33:06.015,-14218.330595,102,0
3418.226,2025-12-16 10:33:06.017,-13762.855735,103,0
3418.228,2025-12-16 10:33:06.019,-11507.225208,104,0
3418.23,2025-12-16 10:33:06.021,-14238.929961,105,0
3418.232,2025-12-16 10:33:06.023,-15049.362407,106,0
3418.234,2025-12-16 10:33:06.025,-13836.288658,107,0
3418.236,2025-12-16 10:33:06.027,-9676.933433,108,0
3418.238,2025-12-16 10:33:06.029,-11734.962638,109,0
3418.24,2025-12-16 10:33:06.031,-13954.35354,110,0
3418.242,2025-12-16 10:33:06.033,-13074.493603,111,0
3418.244,2025-12-16 10:33:06.035,-9767.532494,112,0
3418.246,2025-12-16 10:33:06.037,-13163.948255,113,0
3418.248,2025-12-16 10:33:06.039,-14906.501992,114,0
3418.25,2025-12-16 10:33:06.041,-14185.714933,115,0
3418.252,2025-12-16 10:33:06.043,-11559.868031,116,0
3418.254,2025-12-16 10:33:06.045,-13665.199483,117,0
3418.256,2025-12-16 10:33:06.047,-14584.732273,118,0
3418.258,2025-12-16 10:33:06.049,-13213.348586,119,0
3418.26,2025-12-16 10:33:06.051,-8765.983712,120,0
3418.262,2025-12-16 10:33:06.053,-11666.488821,121,0
3418.264,2025-12-16 10:33:06.055,-14229.202483,122,0
3418.266,2025-12-16 10:33:06.057,-13761.520591,123,0
3418.268,2025-12-16 10:33:06.059,-11512.756519,124,0
3418.27,2025-12-16 10:33:06.061,-14236.831877,125,0
3418.272,2025-12-16 10:33:06.063,-15043.068156,126,0
3418.274,2025-12-16 10:33:06.065,-13842.964379,127,0
3418.276,2025-12-16 10:33:06.067,-9692.192222,0,0
3418.278,2025-12-16 10:33:06.069,-11701.393302,1,0
3418.28,2025-12-16 10:33:06.071,-13924.598901,2,0
3418.282,2025-12-16 10:33:06.073,-13071.25111,3,0
3418.284,2025-12-16 10:33:06.075,-9832.000879,4,0
3418.286,2025-12-16 10:33:06.077,-13251.686294,5,0
3418.288,2025-12-16 10:33:06.079,-14920.044168,6,0
3418.29,2025-12-16 10:33:06.081,-14180.565092,7,0
3418.292,2025-12-16 10:33:06.083,-11527.443104,8,0
3418.294,2025-12-16 10:33:06.085,-13659.095968,9,0
3418.296,2025-12-16 10:33:06.087,-14591.980198,10,0
3418.298,2025-12-16 10:33:06.089,-13203.811842,11,0
3418.3,2025-12-16 10:33:06.091,-8777.046334,12,0
3418.302,2025-12-16 10:33:06.093,-11716.842826,13,0
3418.304,2025-12-16 10:33:06.095,-14259.338591,14,0
3418.306,2025-12-16 10:33:06.097,-13796.806541,15,0
3418.308,2025-12-16 10:33:06.099,-11558.532887,16,0
3418.31,2025-12-16 10:33:06.101,-14257.812712,17,0
3418.312,2025-12-16 10:33:06.103,-15033.149943,18,0
3418.314,2025-12-16 10:33:06.105,-13787.842002,19,0
3418.316,2025-12-16 10:33:06.107,-9551.811361,20,0
3418.318,2025-12-16 10:33:06.109,-11659.622366,21,0
3418.32,2025-12-16 10:33:06.111,-13930.893152,22,0
3418.322,2025-12-16 10:33:06.113,-13097.572522,23,0
3418.324,2025-12-16 10:33:06.115,-9896.087794,24,0
3418.326,2025-12-16 10:33:06.117,-13281.059463,25,0
3418.328,2025-12-16 10:33:06.119,-14934.349283,26,0
3418.33,2025-12-16 10:33:06.121,-14195.823881,27,0
3418.332,2025-12-16 10:33:06.123,-11529.541187,28,0
3418.334,2025-12-16 10:33:06.125,-13597.488606,29,0
3418.336,2025-12-16 10:33:06.127,-14547.920444,30,0
3418.338,2025-12-16 10:33:06.129,-13197.899061,31,0
3418.34,2025-12-16 10:33:06.131,-8818.4358,32,0
3418.342,2025-12-16 10:33:06.133,-11779.022392,33,0
3418.344,2025-12-16 10:33:06.135,-14293.289398,34,0
3418.346,2025-12-16 10:33:06.137,-13824.081627,35,0
3418.348,2025-12-16 10:33:06.139,-11640.54888,36,0
3418.35,2025-12-16 10:33:06.141,-14314.842437,37,0
3418.352,2025-12-16 10:33:06.143,-15043.640361,38,0
3418.354,2025-12-16 10:33:06.145,-13817.215172,39,0
3418.356,2025-12-16 10:33:06.147,-9642.982627,40,0
3418.358,2025-12-16 10:33:06.149,-11698.150809,41,0
3418.36,2025-12-16 10:33:06.151,-13943.672388,42,0
3418.362,2025-12-16 10:33:06.153,-13132.095533,43,0
3418.364,2025-12-16 10:33:06.155,-10029.220731,44,0
3418.366,2025-12-16 10:33:06.157,-13417.816362,45,0
3418.368,2025-12-16 10:33:06.159,-14975.357279,46,0
3418.37,2025-12-16 10:33:06.161,-14225.006315,47,0
3418.372,2025-12-16 10:33:06.163,-11574.936086,48,0
3418.374,2025-12-16 10:33:06.165,-13667.488302,49,0
3418.376,2025-12-16 10:33:06.167,-14588.165501,50,0
3418.378,2025-12-16 10:33:06.169,-13218.689162,51,0
3418.38,2025-12-16 10:33:06.171,-8876.609935,52,0
3418.382,2025-12-16 10:33:06.173,-11867.1419,53,0
3418.384,2025-12-16 10:33:06.175,-14343.261932,54,0
3418.386,2025-12-16 10:33:06.177,-13877.487389,55,0
3418.388,2025-12-16 10:33:06.179,-11774.063286,56,0
3418.39,2025-12-16 10:33:06.181,-14406.967378,57,0
3418.392,2025-12-16 10:33:06.183,-15048.790202,58,0
3418.394,2025-12-16 10:33:06.185,-13781.547752,59,0
3418.396,2025-12-16 10:33:06.187,-9552.765035,60,0
3418.398,2025-12-16 10:33:06.189,-11691.665824,61,0
3418.4,2025-12-16 10:33:06.191,-13941.0021,62,0
3418.402,2025-12-16 10:33:06.193,-13123.512464,63,0
3418.404,2025-12-16 10:33:06.195,-9977.722317,64,0
3418.406,2025-12-16 10:33:06.197,-13345.718583,65,0
3418.408,2025-12-16 10:33:06.199,-14940.643533,66,0
3418.41,2025-12-16 10:33:06.201,-14164.352628,67,0
3418.412,2025-12-16 10:33:06.203,-11341.476609,68,0
3418.414,2025-12-16 10:33:06.205,-13408.470354,69,0
3418.416,2025-12-16 10:33:06.207,-14477.730013,70,0
3418.418,2025-12-16 10:33:06.209,-13118.553357,71,0
3418.42,2025-12-16 10:33:06.211,-8708.953987,72,0
3418.422,2025-12-16 10:33:06.213,-11754.22686,73,0
3418.424,2025-12-16 10:33:06.215,-14299.583648,74,0
3418.426,2025-12-16 10:33:06.217,-13829.803673,75,0
3418.428,2025-12-16 10:33:06.219,-11571.693593,76,0
3418.43,2025-12-16 10:33:06.221,-14219.856474,77,0
3418.432,2025-12-16 10:33:06.223,-14989.090189,78,0
3418.434,2025-12-16 10:33:06.225,-13735.199179,79,0
3418.436,2025-12-16 10:33:06.227,-9383.964678,80,0
3418.438,2025-12-16 10:33:06.229,-11434.364489,81,0
3418.44,2025-12-16 10:33:06.231,-13854.217736,82,0
3418.442,2025-12-16 10:33:06.233,-13106.537061,83,0
3418.444,2025-12-16 10:33:06.235,-9999.466091,84,0
3418.446,2025-12-16 10:33:06.237,-13385.391435,85,0
3418.448,2025-12-16 10:33:06.239,-14945.22117,86,0
3418.45,2025-12-16 10:33:06.241,-14142.036649,87,0
3418.452,2025-12-16 10:33:06.243,-11232.757736,88,0
3418.454,2025-12-16 10:33:06.245,-13341.903885,89,0
3418.456,2025-12-16 10:33:06.247,-14467.239595,90,0
3418.458,2025-12-16 10:33:06.249,-13094.902234,91,0
3418.46,2025-12-16 10:33:06.251,-8690.64344,92,0
3418.462,2025-12-16 10:33:06.253,-11778.068718,93,0
3418.464,2025-12-16 10:33:06.255,-14318.4664,94,0
3418.466,2025-12-16 10:33:06.257,-13842.964379,95,0
3418.468,2025-12-16 10:33:06.259,-11618.2329,96,0
3418.47,2025-12-16 10:33:06.261,-14245.796416,97,0
3418.472,2025-12-16 10:33:06.263,-14973.06846,98,0
3418.474,2025-12-16 10:33:06.265,-13679.504598,99,0
3418.476,2025-12-16 10:33:06.267,-9310.531755,100,0
3418.478,2025-12-16 10:33:06.269,-11484.718494,101,0
3418.48,2025-12-16 10:33:06.271,-13887.596337,102,0
3418.482,2025-12-16 10:33:06.273,-13151.550489,103,0
3418.484,2025-12-16 10:33:06.275,-10097.694547,104,0
3418.486,2025-12-16 10:33:06.277,-13455.391131,105,0
3418.488,2025-12-16 10:33:06.279,-14990.043864,106,0
3418.49,2025-12-16 10:33:06.281,-14189.52963,107,0
3418.492,2025-12-16 10:33:06.283,-11329.460313,108,0
3418.494,2025-12-16 10:33:06.285,-13381.004533,109,0
3418.496,2025-12-16 10:33:06.287,-14467.43033,110,0
3418.498,2025-12-16 10:33:06.289,-13135.338025,111,0
3418.5,2025-12-16 10:33:06.291,-8808.326852,112,0
3418.502,2025-12-16 10:33:06.293,-11913.681208,113,0
3418.504,2025-12-16 10:33:06.295,-14398.002839,114,0
3418.506,2025-12-16 10:33:06.297,-13921.165674,115,0
3418.508,2025-12-16 10:33:06.299,-11769.676384,116,0
3418.51,2025-12-16 10:33:06.301,-14357.567047,117,0
3418.512,2025-12-16 10:33:06.303,-15011.024699,118,0
3418.514,2025-12-16 10:33:06.305,-13735.389914,119,0
3418.516,2025-12-16 10:33:06.307,-9413.528583,120,0
3418.518,2025-12-16 10:33:06.309,-11510.658436,121,0
3418.52,2025-12-16 10:33:06.311,-13903.999536,122,0
3418.522,2025-12-16 10:33:06.313,-13190.078932,123,0
3418.524,2025-12-16 10:33:06.315,-10252.571259,124,0
3418.526,2025-12-16 10:33:06.317,-13579.368794,125,0
3418.528,2025-12-16 10:33:06.319,-14999.771342,126,0
3418.53,2025-12-16 10:33:06.321,-14181.709501,127,0
3418.532,2025-12-16 10:33:06.323,-11276.626755,0,0
3418.534,2025-12-16 10:33:06.325,-13360.405167,1,0
3418.536,2025-12-16 10:33:06.327,-14467.621065,2,0
3418.538,2025-12-16 10:33:06.329,-13119.125562,3,0
3418.54,2025-12-16 10:33:06.331,-8824.539316,4,0
3418.542,2025-12-16 10:33:06.333,-11962.700068,5,0
3418.544,2025-12-16 10:33:06.335,-14401.245332,6,0
3418.546,2025-12-16 10:33:06.337,-13925.171106,7,0
3418.548,2025-12-16 10:33:06.339,-11789.89428,8,0
3418.55,2025-12-16 10:33:06.341,-14346.885895,9,0
3418.552,2025-12-16 10:33:06.343,-14986.419901,10,0
3418.554,2025-12-16 10:33:06.345,-13675.689901,11,0
3418.556,2025-12-16 10:33:06.347,-9331.51259,12,0
3418.558,2025-12-16 10:33:06.349,-11543.083363,13,0
3418.56,2025-12-16 10:33:06.351,-13912.582605,14,0
3418.562,2025-12-16 10:33:06.353,-13190.460402,15,0
3418.564,2025-12-16 10:33:06.355,-10221.481476,16,0
3418.566,2025-12-16 10:33:06.357,-13545.608722,17,0
3418.568,2025-12-16 10:33:06.359,-14999.962077,18,0
3418.57,2025-12-16 10:33:06.361,-14160.537931,19,0
3418.572,2025-12-16 10:33:06.363,-11170.768904,20,0
3418.574,2025-12-16 10:33:06.365,-13220.97798,21,0
3418.576,2025-12-16 10:33:06.367,-14420.128084,22,0
3418.578,2025-12-16 10:33:06.369,-13112.449841,23,0
3418.58,2025-12-16 10:33:06.371,-8888.054026,24,0
3418.582,2025-12-16 10:33:06.373,-12076.759518,25,0
3418.584,2025-12-16 10:33:06.375,-14458.084322,26,0
3418.586,2025-12-16 10:33:06.377,-13968.277186,27,0
3418.588,2025-12-16 10:33:06.379,-11855.697808,28,0
3418.59,2025-12-16 10:33:06.381,-14378.929352,29,0
3418.592,2025-12-16 10:33:06.383,-14995.956644,30,0
3418.594,2025-12-16 10:33:06.385,-13706.20748,31,0
3418.596,2025-12-16 10:33:06.387,-9347.725054,32,0
3418.598,2025-12-16 10:33:06.389,-11472.702197,33,0
3418.6,2025-12-16 10:33:06.391,-13901.519983,34,0
3418.602,2025-12-16 10:33:06.393,-13223.266799,35,0
3418.604,2025-12-16 10:33:06.395,-10365.486299,36,0
3418.606,2025-12-16 10:33:06.397,-13660.621847,37,0
3418.608,2025-12-16 10:33:06.399,-15017.318949,38,0
3418.61,2025-12-16 10:33:06.401,-14157.486173,39,0
3418.612,2025-12-16 10:33:06.403,-11073.875592,40,0
3418.614,2025-12-16 10:33:06.405,-13090.133862,41,0
3418.616,2025-12-16 10:33:06.407,-14375.30539,42,0
3418.618,2025-12-16 10:33:06.409,-13088.798718,43,0
3418.62,2025-12-16 10:33:06.411,-8848.762644,44,0
3418.622,2025-12-16 10:33:06.413,-12040.710629,45,0
3418.624,2025-12-16 10:33:06.415,-14437.484956,46,0
3418.626,2025-12-16 10:33:06.417,-13935.089319,47,0
3418.628,2025-12-16 10:33:06.419,-11752.319511,48,0
3418.63,2025-12-16 10:33:06.421,-14278.030608,49,0
3418.632,2025-12-16 10:33:06.423,-14947.509988,50,0
3418.634,2025-12-16 10:33:06.425,-13623.619283,51,0
3418.636,2025-12-16 10:33:06.427,-9221.840042,52,0
3418.638,2025-12-16 10:33:06.429,-11446.190051,53,0
3418.64,2025-12-16 10:33:06.431,-13888.359277,54,0
3418.642,2025-12-16 10:33:06.433,-13214.30226,55,0
3418.644,2025-12-16 10:33:06.435,-10293.197785,56,0
3418.646,2025-12-16 10:33:06.437,-13594.818318,57,0
3418.648,2025-12-16 10:33:06.439,-15010.261759,58,0
3418.65,2025-12-16 10:33:06.441,-14137.649747,59,0
3418.652,2025-12-16 10:33:06.443,-11036.110089,60,0
3418.654,2025-12-16 10:33:06.445,-13086.5099,61,0
3418.656,2025-12-16 10:33:06.447,-14363.479828,62,0
3418.658,2025-12-16 10:33:06.449,-13059.807018,63,0
3418.66,2025-12-16 10:33:06.451,-8826.065195,64,0
3418.662,2025-12-16 10:33:06.453,-12081.14642,65,0
3418.664,2025-12-16 10:33:06.455,-14481.92618,66,0
3418.666,2025-12-16 10:33:06.457,-13970.375269,67,0
3418.668,2025-12-16 10:33:06.459,-11791.229424,68,0
3418.67,2025-12-16 10:33:06.461,-14293.861602,69,0
3418.672,2025-12-16 10:33:06.463,-14955.139383,70,0
3418.674,2025-12-16 10:33:06.465,-13644.600118,71,0
3418.676,2025-12-16 10:33:06.467,-9208.870071,72,0
3418.678,2025-12-16 10:33:06.469,-11382.675341,73,0
3418.68,2025-12-16 10:33:06.471,-13890.648095,74,0
3418.682,2025-12-16 10:33:06.473,-13252.258498,75,0
3418.684,2025-12-16 10:33:06.475,-10412.407077,76,0
3418.686,2025-12-16 10:33:06.477,-13681.793417,77,0
3418.688,2025-12-16 10:33:06.479,-15036.392436,78,0
3418.69,2025-12-16 10:33:06.481,-14145.851346,79,0
3418.692,2025-12-16 10:33:06.483,-10941.31486,80,0
3418.694,2025-12-16 10:33:06.485,-12933.731272,81,0
3418.696,2025-12-16 10:33:06.487,-14327.621673,82,0
3418.698,2025-12-16 10:33:06.489,-13058.471874,83,0
3418.7,2025-12-16 10:33:06.491,-8849.525584,84,0
3418.702,2025-12-16 10:33:06.493,-12118.339719,85,0
3418.704,2025-12-16 10:33:06.495,-14486.503817,86,0
3418.706,2025-12-16 10:33:06.497,-13972.473353,87,0
3418.708,2025-12-16 10:33:06.499,-11777.687248,88,0
3418.71,2025-12-16 10:33:06.501,-14264.106963,89,0
3418.712,2025-12-16 10:33:06.503,-14924.240335,90,0
3418.714,2025-12-16 10:33:06.505,-13580.894673,91,0
3418.716,2025-12-16 10:33:06.507,-9115.219252,92,0
3418.718,2025-12-16 10:33:06.509,-11346.817186,93,0
3418.72,2025-12-16 10:33:06.511,-13859.749047,94,0
3418.722,2025-12-16 10:33:06.513,-13229.179579,95,0
3418.724,2025-12-16 10:33:06.515,-10391.998446,96,0
3418.726,2025-12-16 10:33:06.517,-13643.074239,97,0
3418.728,2025-12-16 10:33:06.519,-14995.193705,98,0
3418.73,2025-12-16 10:33:06.521,-14090.72897,99,0
